<wps>
  <id>WPSInfoImpl-5af2e37b:155c5279975:-7ffe</id>
  <enabled>true</enabled>
  <name>WPS</name>
  <title>Prototype GeoServer WPS</title>
  <versions>
    <org.geotools.util.Version>
      <version>1.0.0</version>
    </org.geotools.util.Version>
  </versions>
  <citeCompliant>false</citeCompliant>
  <schemaBaseURL>http://schemas.opengis.net</schemaBaseURL>
  <verbose>false</verbose>
  <connectionTimeout>30.0</connectionTimeout>
  <resourceExpirationTimeout>1200</resourceExpirationTimeout>
  <maxSynchronousProcesses>10</maxSynchronousProcesses>
  <maxAsynchronousProcesses>10</maxAsynchronousProcesses>
  <processGroups>
    <processGroup>
      <factoryClass>org.geonode.process.batchdownload.BatchDownloadFactory</factoryClass>
      <enabled>true</enabled>
    </processGroup>
    <processGroup>
      <factoryClass>org.geoserver.wps.DeprecatedProcessFactory</factoryClass>
      <enabled>true</enabled>
    </processGroup>
    <processGroup>
      <factoryClass>org.geoserver.wps.jts.SpringBeanProcessFactory</factoryClass>
      <enabled>true</enabled>
    </processGroup>
    <processGroup>
      <factoryClass>org.geotools.process.geometry.GeometryProcessFactory</factoryClass>
      <enabled>true</enabled>
    </processGroup>
    <processGroup>
      <factoryClass>org.geotools.process.raster.RasterProcessFactory</factoryClass>
      <enabled>true</enabled>
    </processGroup>
    <processGroup>
      <factoryClass>org.geotools.process.vector.VectorProcessFactory</factoryClass>
      <enabled>true</enabled>
    </processGroup>
    <processGroup>
      <factoryClass>org.geotools.process.geometry.PolygonLabelProcess</factoryClass>
      <enabled>true</enabled>
    </processGroup>
  </processGroups>
  <maxComplexInputSize>0</maxComplexInputSize>
  <maxSynchronousExecutionTime>1200</maxSynchronousExecutionTime>
  <maxSynchronousTotalTime>1200</maxSynchronousTotalTime>
  <maxAsynchronousExecutionTime>1200</maxAsynchronousExecutionTime>
  <maxAsynchronousTotalTime>1200</maxAsynchronousTotalTime>
</wps>