<?xml version="1.0" encoding="utf-8"?>
<gwcConfiguration xmlns:xsi="http://www.w3.org/2001/XMLSchema-instance"
  xmlns="http://geowebcache.org/schema/1.8.0"
  xsi:schemaLocation="http://geowebcache.org/schema/1.8.0 http://geowebcache.org/schema/1.8.0/geowebcache.xsd">
  <version>1.8.0</version>
  <backendTimeout>120</backendTimeout>
  <blobStores/>
  <gridSets>
    <gridSet>
      <name>InspireCRS84Quad</name>
      <description>Every layer offered by a INSPIRE WMTS should use the InspireCRS84Quad Matrix Set</description>
      <srs>
        <number>4326</number>
      </srs>
      <extent>
        <coords>
          <double>-180.0</double>
          <double>-90.0</double>
          <double>180.0</double>
          <double>90.0</double>
        </coords>
      </extent>
      <alignTopLeft>false</alignTopLeft>
      <resolutions>
        <double>0.703125</double>
        <double>0.3515625</double>
        <double>0.17578125</double>
        <double>0.087890625</double>
        <double>0.0439453125</double>
        <double>0.02197265625</double>
        <double>0.010986328125</double>
        <double>0.0054931640625</double>
        <double>0.00274658203125</double>
        <double>0.001373291015625</double>
        <double>6.866455078125E-4</double>
        <double>3.433227539062E-4</double>
        <double>1.716613769531E-4</double>
        <double>8.58306884766E-5</double>
        <double>4.29153442383E-5</double>
        <double>2.14576721191E-5</double>
        <double>1.07288360596E-5</double>
        <double>5.3644180298E-6</double>
      </resolutions>
      <metersPerUnit>111319.49079327358</metersPerUnit>
      <pixelSize>2.8E-4</pixelSize>
      <scaleNames>
        <string>InspireCRS84Quad:0</string>
        <string>InspireCRS84Quad:1</string>
        <string>InspireCRS84Quad:2</string>
        <string>InspireCRS84Quad:3</string>
        <string>InspireCRS84Quad:4</string>
        <string>InspireCRS84Quad:5</string>
        <string>InspireCRS84Quad:6</string>
        <string>InspireCRS84Quad:7</string>
        <string>InspireCRS84Quad:8</string>
        <string>InspireCRS84Quad:9</string>
        <string>InspireCRS84Quad:10</string>
        <string>InspireCRS84Quad:11</string>
        <string>InspireCRS84Quad:12</string>
        <string>InspireCRS84Quad:13</string>
        <string>InspireCRS84Quad:14</string>
        <string>InspireCRS84Quad:15</string>
        <string>InspireCRS84Quad:16</string>
        <string>InspireCRS84Quad:17</string>
      </scaleNames>
      <tileHeight>256</tileHeight>
      <tileWidth>256</tileWidth>
      <yCoordinateFirst>false</yCoordinateFirst>
    </gridSet>
    <gridSet>
      <name>EPSG:3857</name>
      <srs>
        <number>3857</number>
      </srs>
      <extent>
        <coords>
          <double>-2.003750834E7</double>
          <double>-2.003750834E7</double>
          <double>2.003750834E7</double>
          <double>2.003750834E7</double>
        </coords>
      </extent>
      <alignTopLeft>false</alignTopLeft>
      <resolutions>
        <double>156543.03390625</double>
        <double>78271.516953125</double>
        <double>39135.7584765625</double>
        <double>19567.87923828125</double>
        <double>9783.939619140625</double>
        <double>4891.9698095703125</double>
        <double>2445.9849047851562</double>
        <double>1222.9924523925781</double>
        <double>611.4962261962891</double>
        <double>305.74811309814453</double>
        <double>152.87405654907226</double>
        <double>76.43702827453613</double>
        <double>38.218514137268066</double>
        <double>19.109257068634033</double>
        <double>9.554628534317017</double>
        <double>4.777314267158508</double>
        <double>2.388657133579254</double>
        <double>1.194328566789627</double>
        <double>0.5971642833948135</double>
        <double>0.2985821416974068</double>
        <double>0.1492910708487034</double>
        <double>0.0746455354243517</double>
      </resolutions>
      <metersPerUnit>1.0</metersPerUnit>
      <pixelSize>2.8E-4</pixelSize>
      <scaleNames>
        <string>EPSG:3857:0</string>
        <string>EPSG:3857:1</string>
        <string>EPSG:3857:2</string>
        <string>EPSG:3857:3</string>
        <string>EPSG:3857:4</string>
        <string>EPSG:3857:5</string>
        <string>EPSG:3857:6</string>
        <string>EPSG:3857:7</string>
        <string>EPSG:3857:8</string>
        <string>EPSG:3857:9</string>
        <string>EPSG:3857:10</string>
        <string>EPSG:3857:11</string>
        <string>EPSG:3857:12</string>
        <string>EPSG:3857:13</string>
        <string>EPSG:3857:14</string>
        <string>EPSG:3857:15</string>
        <string>EPSG:3857:16</string>
        <string>EPSG:3857:17</string>
        <string>EPSG:3857:18</string>
        <string>EPSG:3857:19</string>
        <string>EPSG:3857:20</string>
        <string>EPSG:3857:21</string>
      </scaleNames>
      <tileHeight>256</tileHeight>
      <tileWidth>256</tileWidth>
      <yCoordinateFirst>false</yCoordinateFirst>
    </gridSet>
  </gridSets>
  <layers/>
</gwcConfiguration>